{
  "player": {
    "name": "Faiz",
    "secret_id": "33230f13e89347bb907852fabad74d6e",
    "pending_guess": {
      "guess_word": "prone",
      "player_name": "Faiz"
    }
  },
  "word": "angst",
  "letter_knowledge": {
    "a": 0,
    "b": 0,
    "c": 0,
    "d": 0,
    "e": 0,
    "f": 0,
    "g": 0,
    "h": 0,
    "i": 0,
    "j": 0,
    "k": 0,
    "l": 0,
    "m": 0,
    "n": 0,
    "o": 0,
    "p": 0,
    "q": 0,
    "r": 0,
    "s": 0,
    "t": 0,
    "u": 0,
    "v": 0,
    "w": 0,
    "x": 0,
    "y": 0,
    "z": 0
  },
  "guesses": [],
  "opponent_solve_state": [
    0,
    0,
    0,
    0,
    0
  ],
  "opponent_submitted_guess": false,
  "end_state": null
}
